Crime ID,Month,Reported by,Falls within,Longitude,Latitude,Location,LSOA code,LSOA name,Outcome type
06f6b5ca0e96bd00b0d6d2e8e4729cfa99b2db847063c6f9672701c529910afe,2019-10,City of London Police,City of London Police,-0.108453,51.515173,On or near PEMBERTON ROW,E01032740,City of London 001G,Offender given a drugs possession warning
79267a149cc7640cfc845a610be426a48a354b130592a9781be143026695ac7c,2019-10,City of London Police,City of London Police,,,No location,,,Suspect charged
adcadd9e98acd7c9072c7cfeaee46e5f9e4c08fbd7f7efd71676ccbd29405452,2019-10,City of London Police,City of London Police,,,No location,,,Investigation complete; no suspect identified
db4f960bc1aaef71b4cf91a8d3613e95b87cc68b75c0d55eb63af35f2229101b,2019-10,City of London Police,City of London Police,,,No location,,,Investigation complete; no suspect identified
440eeb264247e8672416cbd312f9382144b74437449d438c50361b8ab27b6d5b,2019-10,City of London Police,City of London Police,,,No location,,,Investigation complete; no suspect identified
0b07a6e08dd826e1b6caadff9d54555df066e17f7c061ab50d951ccd50460e6d,2019-10,City of London Police,City of London Police,,,No location,,,Investigation complete; no suspect identified
1d7672f074d90f27bfb7ca553227c030b69013a3865f4a7abf128a35399cd706,2019-10,City of London Police,City of London Police,-0.073850,51.509313,On or near MANSELL STREET,E01004293,Tower Hamlets 027B,Suspect charged
7eea43f1864ac235ca209f533ff50fdca8c72eeebd0e14576fa58287e7829908,2019-10,City of London Police,City of London Police,-0.096363,51.513377,On or near NEW CHANGE,E01032739,City of London 001F,Offender given a caution
f1a373b7551c35a1a3b5585bf21308436d8ec46ea84357ae081518d129170e24,2019-10,City of London Police,City of London Police,-0.084967,51.512598,On or near BELL INN YARD,E01032739,City of London 001F,Local resolution
9d26305d67914c03daf35b9b996bdf7aca415ca33b81189512642b03472bb433,2019-10,City of London Police,City of London Police,-0.081620,51.516814,On or near ALDERMAN'S WALK,E01032739,City of London 001F,Suspect charged
f4cbb33bab04a71a19a6b5d6fecf38cb62fc9b1e3dd56bdf8faadbd6e5589f7c,2019-10,City of London Police,City of London Police,-0.079786,51.517576,On or near Police Station,E01032739,City of London 001F,Offender given a drugs possession warning
8b2d154a6a65fefd14e8e9665115d7126558023627c5538ea780f2485fd547de,2019-10,City of London Police,City of London Police,-0.092321,51.513194,On or near PANCRAS LANE,E01032739,City of London 001F,Offender given a drugs possession warning
8b9b94b36a508dc303bcf946910ace8b452deb1fc9bbfc68d314b0b4790fec2f,2019-10,City of London Police,City of London Police,-0.092321,51.513194,On or near PANCRAS LANE,E01032739,City of London 001F,Offender given a drugs possession warning
e021f1f3921a08721fdd850bc41bc4f370590b234a5b33f7edd1173bfaf21562,2019-10,City of London Police,City of London Police,-0.101345,51.518709,On or near Parking Area,E01032740,City of London 001G,Offender given a caution
b81b2b7f48d2bce790634a8cd9ff052b28acef7fe300a26611df77e0bba78cf5,2019-10,City of London Police,City of London Police,-0.084967,51.512598,On or near BELL INN YARD,E01032739,City of London 001F,Suspect charged
cdccc7b163af7109cfdc4c742aea7d4e6779a2f2454b7ffa9eb3ab0707b2ee56,2019-10,City of London Police,City of London Police,-0.079786,51.517576,On or near Police Station,E01032739,City of London 001F,Suspect charged
6b03ae1ee7088a5854e26806400c994bed675b9c3b4de38d3066689d44886dfb,2019-10,City of London Police,City of London Police,-0.085257,51.511200,On or near TALBOT COURT,E01032739,City of London 001F,Local resolution
260e988ef9998dc1440372a607c840e4c1234da5d87ee6b19b6fd7e3ed3efb22,2019-10,City of London Police,City of London Police,-0.059878,51.518660,On or near Hospital,E01004322,Tower Hamlets 017A,Suspect charged
10ec7440c9e081cbf1e6133c39561a3cf9677ad7736d663d3df96e0ce416364b,2019-10,City of London Police,City of London Police,-0.093493,51.513447,On or near BOW LANE,E01032739,City of London 001F,Offender given a drugs possession warning
67029319872dd75ad94d5c12ade90e8bfa68f83ba588f4a7ba92d27fb8411f33,2019-10,City of London Police,City of London Police,-0.081620,51.516814,On or near ALDERMAN'S WALK,E01032739,City of London 001F,Suspect charged
dca0b75774845b717e967c6f70a542c324be6fcd6053ec3012326c0e7546e874,2019-10,City of London Police,City of London Police,-0.079786,51.517576,On or near Police Station,E01032739,City of London 001F,Suspect charged
03999cb915c54b5f152873fc253388b8f1e2da29d49a6b5ce779c42acb8b88bc,2019-10,City of London Police,City of London Police,-0.079786,51.517576,On or near Police Station,E01032739,City of London 001F,Suspect charged
ea4a3dedf66698a5998f8ec0b2c2f264375afb0737f070bd5af5d064a6592dd4,2019-10,City of London Police,City of London Police,-0.084967,51.512598,On or near BELL INN YARD,E01032739,City of London 001F,Suspect charged
fd8222f188f5a62270773f006b9fa2b1aac9ed9ed31f6591b2f97103b61a810e,2019-10,City of London Police,City of London Police,-0.083417,51.513148,On or near WHITTINGTON AVENUE,E01032739,City of London 001F,Suspect charged
150edf689f4082ba6f2325e6b79b2026dadf3a42506542b1bbe7240a69a66900,2019-10,City of London Police,City of London Police,-0.084967,51.512598,On or near BELL INN YARD,E01032739,City of London 001F,Offender given a caution
04dcdcae10f82bf2eb0da02f67008a719f86080f8086f4fbdf1c7c1b582ba2b9,2019-10,City of London Police,City of London Police,-0.083242,51.512165,On or near LIME STREET,E01032739,City of London 001F,Suspect charged
6411b4b0370ec9f8001798212e62d19991e0e652b6d4ef0c2fdb59d4b62e889b,2019-10,City of London Police,City of London Police,-0.084967,51.512598,On or near BELL INN YARD,E01032739,City of London 001F,Suspect charged
c2c5fbab0839df4345d6a64132fab51d21b29869b98e03ac8a1d83ab8615d681,2019-10,City of London Police,City of London Police,-0.101452,51.512650,On or near ST ANDREW'S HILL,E01032739,City of London 001F,Offender given a caution
c3b58ac4b31f4ac6db8b3f6ac434e2630fa4a551d07fdcff1dbed59f9747beef,2019-10,City of London Police,City of London Police,-0.093215,51.510421,On or near QUEEN STREET PLACE,E01032739,City of London 001F,Suspect charged
cfc506f541ce3d547e56e28e56edae908c7248e9aac77df108180ddb3740876e,2019-10,City of London Police,City of London Police,-0.079448,51.511554,On or near FENCHURCH PLACE,E01032739,City of London 001F,Offender given a caution
f19f6d03f87bf1c1098dfbbfd5834f482f18812905159e89fdfd60fef96c19b8,2019-10,City of London Police,City of London Police,-0.083296,51.517058,On or near OLD BROAD STREET,E01032739,City of London 001F,Offender given a caution
f8ce6c695ba6d4b38a610b6f9465a1f3bd2b1493647503b8f3c53da018e4e968,2019-10,City of London Police,City of London Police,-0.083618,51.517288,On or near BROAD STREET AVENUE,E01032739,City of London 001F,Suspect charged
577aae03c4619683edb6c77364f1fadc44e3d05b64c04c282b3dc4cdaafe518c,2019-10,City of London Police,City of London Police,-0.100748,51.515031,On or near WARWICK LANE,E01032739,City of London 001F,Suspect charged
577aae03c4619683edb6c77364f1fadc44e3d05b64c04c282b3dc4cdaafe518c,2019-10,City of London Police,City of London Police,-0.100748,51.515031,On or near WARWICK LANE,E01032739,City of London 001F,Suspect charged
600ee4fa2c2ce4cd9a169d4ceeee0519b01c21df78b4a468b1c9fef61f2857dc,2019-10,City of London Police,City of London Police,,,No location,,,Suspect charged
1206c7c862dd00e8049d2a4aca9fedf0a4ceab54ae9ef0a2ebc66c78d9efbf1f,2019-10,City of London Police,City of London Police,-0.079613,51.517231,On or near NEW STREET,E01032739,City of London 001F,Suspect charged
a7e6aa9776afee169479177fef37c2784cdcedd88121ad042c245c21e0846bbe,2019-10,City of London Police,City of London Police,-0.088203,51.518262,On or near MOORGATE,E01032739,City of London 001F,Suspect charged
b2366621135504c56dd083d6eb41bb6847478ef36813c639666269b0a862fe82,2019-10,City of London Police,City of London Police,-0.090710,51.513132,On or near QUEEN VICTORIA STREET,E01032739,City of London 001F,Offender given a drugs possession warning
7f7478dc24e3325dc183af695c6df032d0bef5636839d0871f450bd1ba48a651,2019-10,City of London Police,City of London Police,-0.081620,51.516814,On or near ALDERMAN'S WALK,E01032739,City of London 001F,Suspect charged
aaafe99630ea81e6511d7997a81b6345202df845bd3a0a1fd41664f2912dd939,2019-10,City of London Police,City of London Police,-0.083086,51.511407,On or near ROOD LANE,E01032739,City of London 001F,Suspect charged
aaafe99630ea81e6511d7997a81b6345202df845bd3a0a1fd41664f2912dd939,2019-10,City of London Police,City of London Police,-0.083086,51.511407,On or near ROOD LANE,E01032739,City of London 001F,Suspect charged
3aa00c7e3570ba5dcd58179b3ac925ae4ae19cc4c798d0a53b3a4637385164a3,2019-10,City of London Police,City of London Police,-0.084967,51.512598,On or near BELL INN YARD,E01032739,City of London 001F,Suspect charged
0398e9f4205734a36a3dd7c5001d981f840ce6fd2d0b49c03d3cbc9264645296,2019-10,City of London Police,City of London Police,-0.084967,51.512598,On or near BELL INN YARD,E01032739,City of London 001F,Local resolution
02a6aca584f556ec6b17c2f8565379d23831bfb5d806822fcbdecd7ac7b411a2,2019-10,City of London Police,City of London Police,-0.077777,51.518046,On or near SANDY'S ROW,E01032739,City of London 001F,Offender given a caution
a443338a0e0301f67035ebb282b454e2a1caece40e30af77f5561d1f56b9e8e9,2019-10,City of London Police,City of London Police,-0.100593,51.520846,On or near CHARTERHOUSE MEWS,E01033490,Islington 022H,Offender given a caution
d233dfccba4d078e666dbb8ad924398cdbdb4992d1a9a0f8a3b8c34d62e151b2,2019-10,City of London Police,City of London Police,-0.076095,51.512462,On or near VINE STREET,E01000005,City of London 001E,Suspect charged
d13f1db83054e10b15b840f7a33e5c82a71a5f24c74194f58ea51fbe1183ba77,2019-10,City of London Police,City of London Police,-0.089838,51.516067,On or near COLEMAN STREET,E01032739,City of London 001F,Offender given a caution
a3514e57829e2c4d11f1a12527cd709daca93b73bc37a632f8700f21c21780a8,2019-10,City of London Police,City of London Police,-0.079875,51.510995,On or near HART STREET,E01032739,City of London 001F,Offender given a caution
d7df7569224a47b464b48977d382a050bdc8904ccd12904e9a1d5481a65f9295,2019-10,City of London Police,City of London Police,-0.087780,51.508066,On or near BOROUGH HIGH STREET,E01032739,City of London 001F,Offender given a drugs possession warning
809a801a8aef80ac3862d33bc382f9d0602f122cd10559d99d899d1cbefa43ed,2019-10,City of London Police,City of London Police,-0.080034,51.513389,On or near LEADENHALL STREET,E01032739,City of London 001F,Offender given a caution
737c002acc6a51c0b3580fe0bb0c471e38c4ea3c468afdf536513ae0494f84ee,2019-10,City of London Police,City of London Police,-0.076437,51.519050,On or near BRUSHFIELD STREET,E01004307,Tower Hamlets 015B,Offender given a caution
a405b6e4b08ba28b30a4ff80770b402868115c61839b3837774df34aaec0e74a,2019-10,City of London Police,City of London Police,-0.108231,51.513928,On or near PLEYDELL STREET,E01032740,City of London 001G,Suspect charged
f245ca6d9c175374d148ccda87b5655cf19c7a0c1bc685a3a0490845a83fc772,2019-10,City of London Police,City of London Police,-0.086272,51.513114,On or near BIRCHIN LANE,E01032739,City of London 001F,Local resolution
c7ca2319022d868fe82c7ef21fe92ebe2517b8393c05f171319b7a522eb7e650,2019-10,City of London Police,City of London Police,-0.089465,51.510855,On or near GOPHIR LANE,E01032739,City of London 001F,Suspect charged
fc4ffc9e2836b949d274380e2305698066e9e5eee4f99b82299b2d8204457b5d,2019-10,City of London Police,City of London Police,-0.079786,51.517576,On or near Police Station,E01032739,City of London 001F,Suspect charged
08f364b4c0a2e562dfa8918bbae3c9cafeec0b2b38612c4aafed786379f9fe70,2019-10,City of London Police,City of London Police,-0.079786,51.517576,On or near Police Station,E01032739,City of London 001F,Suspect charged
4ee093181ff834ddbae459229ba1421602b312050e18553b6462b99d6b036f25,2019-10,City of London Police,City of London Police,-0.081620,51.516814,On or near ALDERMAN'S WALK,E01032739,City of London 001F,Suspect charged
21a1475cdf78cc1240f3b018acdfdba65a1eb74e619bdd31fd477f13969768de,2019-10,City of London Police,City of London Police,-0.081620,51.516814,On or near ALDERMAN'S WALK,E01032739,City of London 001F,Offender given a drugs possession warning
458f6346d4627dc25c72fc7281abcbf3facdad7b9bf23df3a0e7f1a1d4299aa4,2019-10,City of London Police,City of London Police,-0.094094,51.515606,On or near GRESHAM STREET,E01000002,City of London 001B,Offender given a drugs possession warning
4fbe2d481570770988e9944381d8a4407c726b261233d891c1b74ab10dd4cf50,2019-10,City of London Police,City of London Police,-0.077694,51.513171,On or near ALDGATE,E01032739,City of London 001F,Offender given a caution
e7c99fd45f7b835be72725f679a88078e39e5817c4d05c02018aef6e189968e8,2019-10,City of London Police,City of London Police,-0.089465,51.510855,On or near GOPHIR LANE,E01032739,City of London 001F,Suspect charged
ad47c3ee81045b70738d94eb0cf7839f1675883a84d10d409d9077c18bd61b3e,2019-10,City of London Police,City of London Police,-0.100179,51.514158,On or near Shopping Area,E01032739,City of London 001F,Suspect charged
c5104482bb816d483a7f1dbe2ff6ec72607514dd19b6f6f2ba76244171e06766,2019-10,City of London Police,City of London Police,-0.081620,51.516814,On or near ALDERMAN'S WALK,E01032739,City of London 001F,Offender given a drugs possession warning
eb6161423c97b2e42de460fd1c0b0a4e44120661e2cee87eb7bc85a944c86a4f,2019-10,City of London Police,City of London Police,-0.081620,51.516814,On or near ALDERMAN'S WALK,E01032739,City of London 001F,Offender given a drugs possession warning
e4b094ef38ccd877740e8bf9ff224ef2c9297f6e12fb75718f1a793124d9db1f,2019-10,City of London Police,City of London Police,-0.094115,51.516497,On or near WOOD STREET,E01000002,City of London 001B,Suspect charged
c91f592e57749b20cbf76cc7d28b85f5c1a158fb1063438696d59577e431e9a8,2019-10,City of London Police,City of London Police,-0.081620,51.516814,On or near ALDERMAN'S WALK,E01032739,City of London 001F,Offender given a drugs possession warning
555dbc7aed125024874ea2094c6f813421bc2fbe36c709fc8d819963449a6022,2019-10,City of London Police,City of London Police,-0.076853,51.511916,On or near Nightclub,E01032739,City of London 001F,Offender given a drugs possession warning
921de5e19c7c6539b1b940ebeacbf4c085c93a7f8de60b4c7339b6137a1247d9,2019-10,City of London Police,City of London Police,-0.084967,51.512598,On or near BELL INN YARD,E01032739,City of London 001F,Suspect charged
f2d36aeebc8a2409629899f62df4db233723fec98d0d9cbdcd215bbb60ca480f,2019-10,City of London Police,City of London Police,-0.083645,51.512504,On or near LIME STREET PASSAGE,E01032739,City of London 001F,Offender given a caution
f64eec213c53ae882c7072040a720b9b24ac34520cd8c1973210cb1f85686c24,2019-10,City of London Police,City of London Police,-0.084967,51.512598,On or near BELL INN YARD,E01032739,City of London 001F,Suspect charged
1f1782f0b493a78d066e305fd0c380ebbe34dd4ec4897eeea74062da11fc3069,2019-10,City of London Police,City of London Police,-0.092297,51.518949,On or near Park/Open Space,E01000002,City of London 001B,Investigation complete; no suspect identified
6d575f22c850c73d0b149eef3cd3e086d7438e7f682e2816bd38aaae61e91b5a,2019-10,City of London Police,City of London Police,-0.076031,51.509547,On or near TOWER HILL,E01004293,Tower Hamlets 027B,Investigation complete; no suspect identified
96b75ff0dd85b07cc15b2a12dcaa9252a6439ea7a0c14009795215a40474777d,2019-10,City of London Police,City of London Police,-0.085014,51.509775,On or near MONUMENT STREET,E01032739,City of London 001F,Investigation complete; no suspect identified
8807063e5d2424c4fca5df0b0e954c8c87a3b96412c5d4961617d72f451fe2db,2019-10,City of London Police,City of London Police,-0.084701,51.509320,On or near LOWER THAMES STREET,E01032739,City of London 001F,Investigation complete; no suspect identified
c9685b766ea90bf7c24ba1f5982ce2166053473feedb01820724e028df0c0c90,2019-10,City of London Police,City of London Police,-0.076080,51.511445,On or near AMERICA SQUARE,E01000005,City of London 001E,Investigation complete; no suspect identified
2cc44ee80f16876180da255b22aa0366353145ecf8fa213ceee824d4aba1e709,2019-10,City of London Police,City of London Police,-0.085014,51.509775,On or near MONUMENT STREET,E01032739,City of London 001F,Investigation complete; no suspect identified
6252c5ddc7afdc488cd93805d68f886fee7908327ce648f42b071179d056db92,2019-10,City of London Police,City of London Police,-0.104134,51.514699,On or near OLD SEACOAL LANE,E01032740,City of London 001G,Investigation complete; no suspect identified
c2e6e3f5ca94a146c904f6b83f76b183bc948721a4a1faf1c0d029661cb41ae8,2019-10,City of London Police,City of London Police,-0.109647,51.514887,On or near FETTER LANE,E01032740,City of London 001G,Investigation complete; no suspect identified
13c260b60686cb388ca900697d5cb4542230065e5f04e488328e53a24c6c51d0,2019-10,City of London Police,City of London Police,-0.077224,51.516122,On or near Shopping Area,E01000005,City of London 001E,Investigation complete; no suspect identified
c6ff8312c3c4a4d22fe110e3f12896ed2d5d7351264ecdb90cfd7e5c673f6e6a,2019-10,City of London Police,City of London Police,-0.085149,51.517196,On or near BLOMFIELD STREET,E01032739,City of London 001F,Investigation complete; no suspect identified
a0a0320cbd5136d0f578813cda4340ee21a3e3c3c03f05ef66124d3388c77a83,2019-10,City of London Police,City of London Police,-0.083695,51.512352,On or near LIME STREET PASSAGE,E01032739,City of London 001F,Investigation complete; no suspect identified
0d35b3b5880ff096de3cb8f8487cccda8abc615c677c0247ee6d0871220f9730,2019-10,City of London Police,City of London Police,-0.104281,51.516032,On or near BEAR ALLEY,E01032740,City of London 001G,Investigation complete; no suspect identified
22cb84188eabe2e243dd90aada062ca18edea095e5fdca83aeea1cae80d7231d,2019-10,City of London Police,City of London Police,-0.097053,51.518262,On or near ALDERSGATE STREET,E01000001,City of London 001A,Investigation complete; no suspect identified
1fc885898a251adf64d4903e71fefd6e758ababe59df0085bab820df6b300796,2019-10,City of London Police,City of London Police,-0.097053,51.518262,On or near ALDERSGATE STREET,E01000001,City of London 001A,Investigation complete; no suspect identified
970f35659f35162d5149919513c81b9d2b0bd769bd00019220ad1a3214e73859,2019-10,City of London Police,City of London Police,-0.077694,51.513171,On or near ALDGATE,E01032739,City of London 001F,Investigation complete; no suspect identified
ed2d6bf9420607407dbdbbea762ed8ca5b342b81848342c5e6182f50baecb05a,2019-10,City of London Police,City of London Police,-0.086051,51.513569,On or near FINCH LANE,E01032739,City of London 001F,Investigation complete; no suspect identified
5d48fc36923337b297a9cecbcc74b9fa0011eca0afdf4466124269d9b6c5db32,2019-10,City of London Police,City of London Police,-0.084980,51.516078,On or near GREAT WINCHESTER STREET,E01032739,City of London 001F,Investigation complete; no suspect identified
b5524acf9e0691b84ca3b5e0ebfdcdc6e82e9888de13197f8b7fa3d8bc017006,2019-10,City of London Police,City of London Police,-0.079613,51.517231,On or near NEW STREET,E01032739,City of London 001F,Unable to prosecute suspect
4584fb5d8568ee896043aac8b3b87c9b2c75f492f6bde53093d1d739f37a3264,2019-10,City of London Police,City of London Police,-0.086051,51.513569,On or near FINCH LANE,E01032739,City of London 001F,Investigation complete; no suspect identified
640020e557c7a2df6b12636fa3942bab147eb8d02889921d7da48d0867a82892,2019-10,City of London Police,City of London Police,-0.082913,51.513463,On or near LEADENHALL STREET,E01032739,City of London 001F,Investigation complete; no suspect identified
44174deee90c8f4a7403a1809e6d49d65e5143c2a83b24026cf1324c6c66566d,2019-10,City of London Police,City of London Police,-0.091151,51.516026,On or near BASINGHALL STREET,E01032739,City of London 001F,Investigation complete; no suspect identified
d04c1b6f38f4eb282dbfd7987a48fd9c9420230e299307483f9963a16e2b4765,2019-10,City of London Police,City of London Police,-0.086051,51.513569,On or near FINCH LANE,E01032739,City of London 001F,Investigation complete; no suspect identified
32a65c42714b9ad4c3e806343434e1eef4c5cc81534e7450280eb2e74fbce26a,2019-10,City of London Police,City of London Police,-0.080376,51.517244,On or near Supermarket,E01032739,City of London 001F,Unable to prosecute suspect
816d573cce3e63f76f933d510d87a79908bb3523737b4b6268ad46bc1dd9708f,2019-10,City of London Police,City of London Police,-0.088203,51.518262,On or near MOORGATE,E01032739,City of London 001F,Investigation complete; no suspect identified
d4679b4a9b57108bf1f37f84b21f496b9c9e2b9e18a692ad4c3db231a15d171f,2019-10,City of London Police,City of London Police,-0.082066,51.516147,On or near WORMWOOD STREET,E01032739,City of London 001F,Investigation complete; no suspect identified
9eef7957a29f27a77da0be4433b1c802a10b8504b920d2fc34a90bb6c0fbb699,2019-10,City of London Police,City of London Police,-0.108231,51.513928,On or near PLEYDELL STREET,E01032740,City of London 001G,Investigation complete; no suspect identified
0846fb4bb2718c5f7a489dbddd0b6548976f5bb65d3583f3eb85930e765e1917,2019-10,City of London Police,City of London Police,-0.081620,51.516814,On or near ALDERMAN'S WALK,E01032739,City of London 001F,Investigation complete; no suspect identified
081c17de1b948eb2fb833870053f13543c1f9296ead373d9f1e94d2cb6bd6590,2019-10,City of London Police,City of London Police,-0.101345,51.518709,On or near Parking Area,E01032740,City of London 001G,Investigation complete; no suspect identified
902fce67f2f28be0244cfd70515fc9ef1fb7bbfd796c87b7bbc2b3024860102f,2019-10,City of London Police,City of London Police,-0.085833,51.513952,On or near FINCH LANE,E01032739,City of London 001F,Investigation complete; no suspect identified
95d27dac170c9f9a5611e50936e9a0b1e95e040a6418a79ee70b036b3656ac91,2019-10,City of London Police,City of London Police,-0.101794,51.516207,On or near NEWGATE STREET,E01032740,City of London 001G,Investigation complete; no suspect identified
9620698c385b1cac15e1b633da5ea9cd112bed4f707b23ec25e55bde84604a65,2019-10,City of London Police,City of London Police,-0.079130,51.507808,On or near Ferry Terminal,E01004293,Tower Hamlets 027B,Investigation complete; no suspect identified
a53440d933613bf927349c9af506c2a2e49bb72786fefd07e49dd42d6a34a914,2019-10,City of London Police,City of London Police,-0.111497,51.518226,On or near Pedestrian Subway,E01000914,Camden 028B,Investigation complete; no suspect identified
041d689ace991c190f0548c8c14a176164f2f9557ffc42079228c16b28c807bd,2019-10,City of London Police,City of London Police,-0.083587,51.512171,On or near LIME STREET PASSAGE,E01032739,City of London 001F,Investigation complete; no suspect identified
f88a3ab416820d099dd8628bc53ff6c012af22eecacaa525d0d9d8a1de1ecbc1,2019-10,City of London Police,City of London Police,-0.080322,51.510651,On or near MARK LANE,E01032739,City of London 001F,Investigation complete; no suspect identified
ba4074a1388f6124ae0a4c6aa1db5f919dc6869ba4679f214549b5f55238a798,2019-10,City of London Police,City of London Police,-0.081540,51.510806,On or near MINCING LANE,E01032739,City of London 001F,Investigation complete; no suspect identified
296ac3a5cea4d7974e14e16dec53ba728f671dbbe03d08c0c09ab21bb38b0fa0,2019-10,City of London Police,City of London Police,-0.104281,51.516032,On or near BEAR ALLEY,E01032740,City of London 001G,Investigation complete; no suspect identified
18cb79e3b399243024fc286b115833e8bc155e1bf5594f9d9a0be94b61ce9c31,2019-10,City of London Police,City of London Police,-0.082913,51.513463,On or near LEADENHALL STREET,E01032739,City of London 001F,Unable to prosecute suspect
4c0f6a604d24124b8d05e7a50a968d8d294920e4e1aa533485eddacdedc67730,2019-10,City of London Police,City of London Police,-0.083296,51.517058,On or near OLD BROAD STREET,E01032739,City of London 001F,Unable to prosecute suspect
cf0fc54c16b77f87557fc903842d773a4b8d71b12ba16d0913694782c7ec8637,2019-10,City of London Police,City of London Police,-0.092077,51.512147,On or near TOWER ROYAL,E01032739,City of London 001F,Investigation complete; no suspect identified
262eb638d55fa37fbd2e8c22d96c7ebc5e41eb855a96f6f0675c40699968ec8d,2019-10,City of London Police,City of London Police,-0.086166,51.510828,On or near EASTCHEAP,E01032739,City of London 001F,Investigation complete; no suspect identified
d15d8700732656cf69f71e3bdb0fb83a802f5819c1c63e9cacc473b31fd4c342,2019-10,City of London Police,City of London Police,-0.083645,51.512504,On or near LIME STREET PASSAGE,E01032739,City of London 001F,Investigation complete; no suspect identified
f28c5f95c97ca9e8c9dd907721fe64d7774c44ed2225578b37a1e2dab198c49f,2019-10,City of London Police,City of London Police,-0.094464,51.512959,On or near WATLING COURT,E01032739,City of London 001F,Investigation complete; no suspect identified
de8b6f1b6548923ed67de195143b7cdf61fa2fb962e37c16a1b7ef5417cec117,2019-10,City of London Police,City of London Police,-0.078250,51.515033,On or near HOUNDSDITCH,E01000005,City of London 001E,Investigation complete; no suspect identified
80a18d42209fe83e7c43cc6dcd048f59b20707b458f37542bc4e0fa121bbb377,2019-10,City of London Police,City of London Police,,,No location,,,Investigation complete; no suspect identified
f775f13a0f01bbfbe89e6faba6cc38cef6a003e52264f0194a07ab7efab1124b,2019-10,City of London Police,City of London Police,,,No location,,,Investigation complete; no suspect identified
cdfdb864cdf989635ff6c2c119c19f7b95cb2fefb9e5ef3c2640dda26e8fec85,2019-10,City of London Police,City of London Police,-0.108164,51.516571,On or near NEW FETTER LANE,E01032740,City of London 001G,Investigation complete; no suspect identified
f816380199f8214f05a9e7e4b1db29ee508ca96aad8ce3c17e558a4375baf961,2019-10,City of London Police,City of London Police,-0.081281,51.512528,On or near FENCHURCH AVENUE,E01032739,City of London 001F,Unable to prosecute suspect
55deaabdc4815a1aaec34e1ee4ade5c59b8c87029a445257ea894853da5ec3c0,2019-10,City of London Police,City of London Police,-0.104281,51.516032,On or near BEAR ALLEY,E01032740,City of London 001G,Investigation complete; no suspect identified
1b0c40b2dda7b03930fd20db2170e400bc3775fd9af57e8f79b37402f6e7f6c8,2019-10,City of London Police,City of London Police,-0.092719,51.512652,On or near QUEEN VICTORIA STREET,E01032739,City of London 001F,Investigation complete; no suspect identified
fa70b12ff66374750e7a2a55c4a0ae87e588de5d408ebf65942e1b79138b2c9f,2019-10,City of London Police,City of London Police,-0.107926,51.516414,On or near BARTLETT COURT,E01032740,City of London 001G,Investigation complete; no suspect identified
baec52467f61e0dfa62c30298c4bd973374855aa1b5a558640f5cc94b3d88235,2019-10,City of London Police,City of London Police,-0.079786,51.517576,On or near Police Station,E01032739,City of London 001F,Investigation complete; no suspect identified
6ac19da47df6a876af8e2c4dc49a286097bb8e79460dfe5c78ef4742fc7d3169,2019-10,City of London Police,City of London Police,-0.086272,51.513114,On or near BIRCHIN LANE,E01032739,City of London 001F,Investigation complete; no suspect identified
f675d472e4ea26e110869746acfa3883f55e8d3ee4986facef23cae5f16bade7,2019-10,City of London Police,City of London Police,-0.073850,51.509313,On or near MANSELL STREET,E01004293,Tower Hamlets 027B,Investigation complete; no suspect identified
2243f292aa841a135b22735f92ba6b430bc04252cde95081da255f31f2e55dd8,2019-10,City of London Police,City of London Police,-0.096561,51.514513,On or near CHEAPSIDE,E01032739,City of London 001F,Investigation complete; no suspect identified
19fca8e66a072af5b7d664fde43f2b9ab953ad8988285b66bf4abd6ac285841f,2019-10,City of London Police,City of London Police,-0.077935,51.514281,On or near DUKE'S PLACE,E01032739,City of London 001F,Unable to prosecute suspect
367819809e19275541cf219e471e17908b0ccf08b99deea9c37421e748673916,2019-10,City of London Police,City of London Police,-0.082913,51.513463,On or near LEADENHALL STREET,E01032739,City of London 001F,Investigation complete; no suspect identified
b584fe28bd8fd878b53a0016571a24fc17596a7a58f21f2d2619c0ae62409925,2019-10,City of London Police,City of London Police,-0.084967,51.512598,On or near BELL INN YARD,E01032739,City of London 001F,Investigation complete; no suspect identified
beec2d27d3fd3ee9605acc0d764173db13c005fd0d3cbb20ddf4953befe74dc6,2019-10,City of London Police,City of London Police,-0.095892,51.516391,On or near NOBLE STREET,E01000001,City of London 001A,Unable to prosecute suspect
8b1947732fb17ec8fa3ba2d2c47d0884d804689e09c19454dbf66aa01e4f0db5,2019-10,City of London Police,City of London Police,-0.100179,51.514158,On or near Shopping Area,E01032739,City of London 001F,Investigation complete; no suspect identified
97ff2780154a52877dcda01fe090070710e8ace951fed7cf214c86f4efa6813c,2019-10,City of London Police,City of London Police,-0.092865,51.510182,On or near Parking Area,E01032739,City of London 001F,Investigation complete; no suspect identified
af77282880eb747a8384515c1c8a3415e529b3f584c3f70b83861929255aaadc,2019-10,City of London Police,City of London Police,-0.097645,51.515142,On or near ST MARTIN'S LE GRAND,E01032739,City of London 001F,Investigation complete; no suspect identified
2c795e28a4e154f034e3bc2388bc2e8c857d17fe82f7365ba5d04bdd5104f5b7,2019-10,City of London Police,City of London Police,-0.085173,51.518680,On or near FINSBURY AVENUE,E01032739,City of London 001F,Investigation complete; no suspect identified
70e5598853316268930dae0cac23c6bd616840e038249a1441f0d5849649625d,2019-10,City of London Police,City of London Police,-0.112939,51.518231,On or near SOUTHAMPTON BUILDINGS,E01032740,City of London 001G,Investigation complete; no suspect identified
db8663ec265190ae75028b7cf86a1c2286ab8d8aea0a954ce3423226f8ad25a9,2019-10,City of London Police,City of London Police,-0.084284,51.510671,On or near EASTCHEAP,E01032739,City of London 001F,Investigation complete; no suspect identified
869ce06e55cf449b54ff950a5a76cd2ce50779e5666e2597bade344cbf2c4e3c,2019-10,City of London Police,City of London Police,-0.077578,51.510795,On or near PEPYS STREET,E01032739,City of London 001F,Investigation complete; no suspect identified
d1355fac3c03e72269e98465930427da6e0f4ddf74d1ae6ca759707d39266c1f,2019-10,City of London Police,City of London Police,-0.079448,51.511554,On or near FENCHURCH PLACE,E01032739,City of London 001F,Investigation complete; no suspect identified
db98a4c149c24745b95b2cd242ff6207dd5e79f8fa95e161d649b92fbec26dd8,2019-10,City of London Police,City of London Police,-0.081091,51.516014,On or near CAMOMILE STREET,E01032739,City of London 001F,Investigation complete; no suspect identified
89ce80e1a8ca4e43da4d5a1bf5f0c0163923f1438f6689c4c59d004f0dfca7c5,2019-10,City of London Police,City of London Police,-0.081091,51.516014,On or near CAMOMILE STREET,E01032739,City of London 001F,Investigation complete; no suspect identified
d7a2a84cfd4db418d08a809d2745b2ad66ff6b00a8130044e3f2f9ea7e80e22e,2019-10,City of London Police,City of London Police,-0.094094,51.515606,On or near GRESHAM STREET,E01000002,City of London 001B,Unable to prosecute suspect
24666bdd01e8c0eda2749459f43f7f5d6261cc584a211630b142e2e98f54ee13,2019-10,City of London Police,City of London Police,-0.079786,51.517576,On or near Police Station,E01032739,City of London 001F,Unable to prosecute suspect
33126ebbf72884029d51f1c599b8319295fac85f96a78408b1fe2bc90cac8978,2019-10,City of London Police,City of London Police,-0.086728,51.510477,On or near KING WILLIAM STREET,E01032739,City of London 001F,Investigation complete; no suspect identified
8c9f005414b44b8914f3ad51285436cf8d8748747d3b970b9fc5684b2b79bd82,2019-10,City of London Police,City of London Police,-0.076031,51.509547,On or near TOWER HILL,E01004293,Tower Hamlets 027B,Investigation complete; no suspect identified
72f79eaae2e6a96aa1ed7cb06ff376d7528809e2bec2e73b29b27d92cdfbeae4,2019-10,City of London Police,City of London Police,-0.104887,51.516347,On or near FARRINGDON STREET,E01032740,City of London 001G,Investigation complete; no suspect identified
ff91fb2d5dc560d1a787a60e4445179e369149f31ffe03fd8a074473c1ecd016,2019-10,City of London Police,City of London Police,-0.104001,51.513051,On or near APOTHECARY STREET,E01032739,City of London 001F,Investigation complete; no suspect identified
89368f2a6602b22000b172c910882c2e48566e0f6124915cff8f1a60ba43762a,2019-10,City of London Police,City of London Police,-0.105900,51.516966,On or near PLUMTREE COURT,E01032740,City of London 001G,Investigation complete; no suspect identified
70beb2b22e670e2e2f025e6377aaf6aaab5b2d823e7ff1c81202abe60057568a,2019-10,City of London Police,City of London Police,-0.090985,51.516886,On or near BASINGHALL AVENUE,E01032739,City of London 001F,Investigation complete; no suspect identified
fa020d07dbcd87daf08d360d3b11a43525e66ffa8c1c1ae064326051ba8c6dc6,2019-10,City of London Police,City of London Police,-0.076270,51.515504,On or near GRAVEL LANE,E01000005,City of London 001E,Investigation complete; no suspect identified
7454495677d1c3688f750e6f1d065e931270d5bbfb5feca34f35178aabdbd725,2019-10,City of London Police,City of London Police,-0.086166,51.510828,On or near EASTCHEAP,E01032739,City of London 001F,Investigation complete; no suspect identified
d2891fc5cf53b81d9fba6933127d130edd3d0a7b676d1d2748061b2165899146,2019-10,City of London Police,City of London Police,-0.100632,51.515739,On or near WARWICK LANE,E01032739,City of London 001F,Investigation complete; no suspect identified
3f8211d0bee3e9955d5a6531092900f1551a1155c68ea9e8e26984de27de7764,2019-10,City of London Police,City of London Police,-0.100179,51.514158,On or near Shopping Area,E01032739,City of London 001F,Investigation complete; no suspect identified
fbd042cb9ad55ea690a69ae6a4565d1a9619a9da51447d5f4451088c509c82c3,2019-10,City of London Police,City of London Police,-0.095015,51.513220,On or near WATLING STREET,E01032739,City of London 001F,Investigation complete; no suspect identified
6b751da630e8e7c6ce4510849943963aa36b6faf643f13b699d6cbae8f1d3412,2019-10,City of London Police,City of London Police,-0.082965,51.516351,On or near WORMWOOD STREET,E01032739,City of London 001F,Investigation complete; no suspect identified
de2e08bb8906a7216baf93ebc875ba1bc6bfa1025dfc196cabfde07304ec9410,2019-10,City of London Police,City of London Police,-0.108231,51.513928,On or near PLEYDELL STREET,E01032740,City of London 001G,Investigation complete; no suspect identified
a82f9c5459f44ed1a3fdf374f1b98a489a6cd4cc5838e767e94de17ae98505a9,2019-10,City of London Police,City of London Police,-0.077451,51.515523,On or near WHITE KENNETT STREET,E01000005,City of London 001E,Unable to prosecute suspect
7420c44657df0e54abe3650f36e6c0c7be3236974fdf01d3d032b64d9721c73e,2019-10,City of London Police,City of London Police,-0.086175,51.510945,On or near GRACECHURCH STREET,E01032739,City of London 001F,Investigation complete; no suspect identified
7b5eb6c2bb2d2d089b1da73a7c1490b80f6d997c4e1dbb69ee48bfa0b49ecdc7,2019-10,City of London Police,City of London Police,-0.078749,51.520985,On or near NORTON FOLGATE,E01032739,City of London 001F,Investigation complete; no suspect identified
b18ed0550c1b577cc421cf6bec7a1db28d55a09d01743e226a3ec24a9c1cd5a7,2019-10,City of London Police,City of London Police,-0.087086,51.512596,On or near LOMBARD STREET,E01032739,City of London 001F,Investigation complete; no suspect identified
a7a92f789908d7e914eb5d38c5c55785dda714231ab4213c3ee62a19223aa553,2019-10,City of London Police,City of London Police,-0.097736,51.520206,On or near Conference/Exhibition Centre,E01000001,City of London 001A,Investigation complete; no suspect identified
624478d64a62ecff9bd5868b973d2b82d423e788cecfa80d45a22fbe4c34fe21,2019-10,City of London Police,City of London Police,-0.100884,51.516966,On or near Hospital,E01032740,City of London 001G,Investigation complete; no suspect identified
071459d59d9f9c39d2fe5e35f4f21d6ade0a3af22a4bc79fc0502bd6233267cf,2019-10,City of London Police,City of London Police,-0.084967,51.512598,On or near BELL INN YARD,E01032739,City of London 001F,Unable to prosecute suspect
154632e780d7466f4501fe752f19a96f9f4b98b1b422e758a92919de86d07efb,2019-10,City of London Police,City of London Police,-0.095960,51.517534,On or near LONDON WALL,E01000001,City of London 001A,Action to be taken by another organisation
4d39786bc2c713af452b7cb71e138c7dd26367998c9a070595791dada766c6f9,2019-10,City of London Police,City of London Police,-0.078924,51.508587,On or near PETTY WALES,E01032739,City of London 001F,Investigation complete; no suspect identified
10a930341f25025158b889ab18db8c64433947e0aae341a1ff1e5896bab84de4,2019-10,City of London Police,City of London Police,-0.100179,51.514158,On or near Shopping Area,E01032739,City of London 001F,Investigation complete; no suspect identified
af212e69adfc8feb8da1321a450e433a218482d3f2fbc5e521c3847937a739a4,2019-10,City of London Police,City of London Police,-0.093933,51.519812,On or near Conference/Exhibition Centre,E01000002,City of London 001B,Investigation complete; no suspect identified
bfaf841dd194786a8f449c4b474a81a4ef0110d8621d02393955f5e8053262bc,2019-10,City of London Police,City of London Police,-0.086624,51.511923,On or near CLEMENT'S LANE,E01032739,City of London 001F,Investigation complete; no suspect identified
d90a9a5aad900004735f3b2255804be7521dc16c2834cca6fe39a6e59db750ba,2019-10,City of London Police,City of London Police,-0.089451,51.517032,On or near Bus/Coach Station,E01032739,City of London 001F,Investigation complete; no suspect identified
56c234b3ae16f354ea134303c89e1326571d783fa965d85ed6449b11f784869c,2019-10,City of London Police,City of London Police,-0.109081,51.515327,On or near WEST HARDING STREET,E01032740,City of London 001G,Investigation complete; no suspect identified
80ad1538cc2b04b92ffdf5740035b4d2cca86cddd4c983e5bcee19f76776683c,2019-10,City of London Police,City of London Police,-0.097645,51.515142,On or near ST MARTIN'S LE GRAND,E01032739,City of London 001F,Formal action is not in the public interest
0efb6d424f34c083f0db7bd01c65865ce019e37a477054baf5640b5f1aa0cc82,2019-10,City of London Police,City of London Police,-0.090506,51.513524,On or near POULTRY,E01032739,City of London 001F,Investigation complete; no suspect identified
7fb5fa113a07bdcfb9eda1bd4394bc00016d8e262e31e59d37064dfd8187fc1f,2019-10,City of London Police,City of London Police,-0.101055,51.513552,On or near CREED LANE,E01032739,City of London 001F,Investigation complete; no suspect identified
39acffccd0b4c12c211844a1cb79ac459ce0712da59ac38e088e5a9445a74e7e,2019-10,City of London Police,City of London Police,-0.081832,51.514507,On or near UNDERSHAFT,E01032739,City of London 001F,Investigation complete; no suspect identified
131005c0fbbea54e1174e8b673b126d6f5ced22ba2e3f73d23c185bdb49737c2,2019-10,City of London Police,City of London Police,-0.105561,51.510873,On or near Ferry Terminal,E01032740,City of London 001G,Investigation complete; no suspect identified
d47e2edf95b0207670c9b944bff8b4c928132c9e01e665ba17ab1dd9aa27ef7a,2019-10,City of London Police,City of London Police,-0.079786,51.517576,On or near Police Station,E01032739,City of London 001F,Investigation complete; no suspect identified
5ad94a48530c542cc14677b0212b5e2f88a348e557bcbe84ef6aae811ac876d1,2019-10,City of London Police,City of London Police,-0.087760,51.517149,On or near LONDON WALL,E01032739,City of London 001F,Investigation complete; no suspect identified
63a1f9e15635f5a9fb4a2d8d82c2256a31e64b9f5cdf4be3bdc5834a2da43ed1,2019-10,City of London Police,City of London Police,-0.108231,51.513928,On or near PLEYDELL STREET,E01032740,City of London 001G,Investigation complete; no suspect identified
f37db400f0086c0e75cc0af2508eb93e90860e0d0f2b1df0ca4c94d844158373,2019-10,City of London Police,City of London Police,-0.112519,51.517568,On or near SOUTHAMPTON BUILDINGS,E01032740,City of London 001G,Investigation complete; no suspect identified
0196f2e7a9bfaf38e5b4bcc811286d4beab52d86dd02d974b5471e5de4419cdb,2019-10,City of London Police,City of London Police,-0.074958,51.514151,On or near ALDGATE HIGH STREET,E01000005,City of London 001E,Investigation complete; no suspect identified
bb761389f8086708808e19199c8f317609b23cdf1db01ef4a9f1c0fa8bd34d49,2019-10,City of London Police,City of London Police,-0.092321,51.513194,On or near PANCRAS LANE,E01032739,City of London 001F,Investigation complete; no suspect identified
84fd5a5c95bb7d4e2243b0f0986434568156fab27105560ff59f4d2195e1dea7,2019-10,City of London Police,City of London Police,-0.079607,51.515657,On or near ST MARY AXE,E01000005,City of London 001E,Investigation complete; no suspect identified
e6e14e8998d59e47f3791070dc8bcf0a7a9691c14aceb26e731969c4c457ad26,2019-10,City of London Police,City of London Police,-0.083296,51.517058,On or near OLD BROAD STREET,E01032739,City of London 001F,Investigation complete; no suspect identified
fecf8f48983af12cdd743e1601ced75f6f111d571896ffb9a2ba1a9c851f2a06,2019-10,City of London Police,City of London Police,-0.089090,51.513258,On or near MANSION HOUSE PLACE,E01032739,City of London 001F,Investigation complete; no suspect identified
339a03c82a8ddd02b4f0987f3a7f297537cbe4ebd2644f990eec747800baeff7,2019-10,City of London Police,City of London Police,-0.093398,51.512951,On or near WATLING STREET,E01032739,City of London 001F,Investigation complete; no suspect identified
239191d61b6dc6e1edfa049b8a7c6f24de9fb25c81c0e4cae2ecf4030f09c8b3,2019-10,City of London Police,City of London Police,-0.077777,51.518046,On or near SANDY'S ROW,E01032739,City of London 001F,Investigation complete; no suspect identified
41d9c91dde5ee5773ffb67beb62e46895d0b2ba0af79ce9502e4f3c1171edb5e,2019-10,City of London Police,City of London Police,-0.079786,51.517576,On or near Police Station,E01032739,City of London 001F,Investigation complete; no suspect identified
f3a7af3b868c0c6ed6725a4daddca6593f21d7345f3bb15d6afcb26eebdf5344,2019-10,City of London Police,City of London Police,-0.082913,51.513463,On or near LEADENHALL STREET,E01032739,City of London 001F,Investigation complete; no suspect identified
360b20b36b933ea00233ccacb1b76937f7e6f6b5a623849f113535e197275ee6,2019-10,City of London Police,City of London Police,-0.077637,51.511453,On or near CRUTCHED FRIARS,E01032739,City of London 001F,Investigation complete; no suspect identified
69716776544cbf829e8374c317661206625692bfb8e74097ead592706f546753,2019-10,City of London Police,City of London Police,-0.085257,51.511200,On or near TALBOT COURT,E01032739,City of London 001F,Investigation complete; no suspect identified
1550e8243e3dc243d2e9b6d58b6325242f1bbea52551cd6a58e6b9699b4daaa7,2019-10,City of London Police,City of London Police,-0.112519,51.517568,On or near SOUTHAMPTON BUILDINGS,E01032740,City of London 001G,Investigation complete; no suspect identified
c95f11a9f833bffe1934f5ec76b668f6d39856833dcc7861f8c3dc3b769b96e0,2019-10,City of London Police,City of London Police,-0.083618,51.517288,On or near BROAD STREET AVENUE,E01032739,City of London 001F,Investigation complete; no suspect identified
af4b1722187c9f59cc22abdcbae6362047fa069d13258446805afb94bbf87b80,2019-10,City of London Police,City of London Police,-0.082458,51.517431,On or near LIVERPOOL STREET,E01032739,City of London 001F,Investigation complete; no suspect identified
91a140abdaab2bf6410d355527025daf371c6e7a909e3083f6946a50f391125a,2019-10,City of London Police,City of London Police,-0.092297,51.518949,On or near Park/Open Space,E01000002,City of London 001B,Investigation complete; no suspect identified
ebab0cd93ed697fe0a98cd591c6ae7ac69a37564ea40a28e5dcdb0217e03aca0,2019-10,City of London Police,City of London Police,-0.100179,51.514158,On or near Shopping Area,E01032739,City of London 001F,Investigation complete; no suspect identified
e5e4ff9ab560f33401b212470ba957de51dc2514726c24be0e1e51ed22b974bb,2019-10,City of London Police,City of London Police,-0.104300,51.511761,On or near Pedestrian Subway,E01032740,City of London 001G,Investigation complete; no suspect identified
177752df2f4563f012974b6f77be739c85bd2d35e789d47cbfafbb2141d67b41,2019-10,City of London Police,City of London Police,-0.082458,51.517431,On or near LIVERPOOL STREET,E01032739,City of London 001F,Investigation complete; no suspect identified
3e6b1d698ef13c0c6e2c9cb5e3f54c86f3699b8a7e9ced2b81351b660f510afa,2019-10,City of London Police,City of London Police,-0.080376,51.517244,On or near Supermarket,E01032739,City of London 001F,Unable to prosecute suspect
c931a7ae55733c8c03d141148b17945ee0ec9dd4c68f2134dc90f5aa6bf3a2bc,2019-10,City of London Police,City of London Police,-0.088203,51.518262,On or near MOORGATE,E01032739,City of London 001F,Investigation complete; no suspect identified
989ac763c43f96eed622757d29c80712ca4d437774289b2924050b83be6c7e3b,2019-10,City of London Police,City of London Police,-0.109647,51.514887,On or near FETTER LANE,E01032740,City of London 001G,Investigation complete; no suspect identified
dbd0865904209ebcfed9bf10745e50c015a2d8877ebbd094344f0c76dbe581ea,2019-10,City of London Police,City of London Police,-0.106680,51.515882,On or near Parking Area,E01032740,City of London 001G,Investigation complete; no suspect identified
a6ad8b948e3f0609f677ce5ab72ccd31a96d0e0aee2cc34182d4d5d2785ad9ba,2019-10,City of London Police,City of London Police,-0.090506,51.513524,On or near POULTRY,E01032739,City of London 001F,Investigation complete; no suspect identified
00a4fc3f33b987b896a920804f379c8464c34fd9e62425ccdc3b88db67ab8d6c,2019-10,City of London Police,City of London Police,-0.100179,51.514158,On or near Shopping Area,E01032739,City of London 001F,Investigation complete; no suspect identified
3cba8e99e2847d277d920ac33f63883ede382a05a7be1da4d9c7c5db696f5746,2019-10,City of London Police,City of London Police,,,No location,,,Investigation complete; no suspect identified
dc8a4c030b6ba6207b99fb5fcc4a42490420444f3a23be90b10c7230ed17b6bb,2019-10,City of London Police,City of London Police,-0.083242,51.512165,On or near LIME STREET,E01032739,City of London 001F,Investigation complete; no suspect identified
17237c4fbd3e60b9b556eeb259c3f844996a5e5fee6a0fa7dc70a9b35819e408,2019-10,City of London Police,City of London Police,-0.082458,51.517431,On or near LIVERPOOL STREET,E01032739,City of London 001F,Investigation complete; no suspect identified
c2838e6e6c2d4b3078df8b0dae39498c30619ef8eaf6412d2a9451352ff38b8b,2019-10,City of London Police,City of London Police,-0.099818,51.519017,On or near CLOTH FAIR,E01032740,City of London 001G,Unable to prosecute suspect
8b10dc402f98553cbc040b26a1c0105b44b46a76bc32474f3e166512931add1f,2019-10,City of London Police,City of London Police,-0.076080,51.511445,On or near AMERICA SQUARE,E01000005,City of London 001E,Investigation complete; no suspect identified
d181f7e52493966dee0ed046322f3fa176f09b5797e1cc8866f9c72e03863870,2019-10,City of London Police,City of London Police,-0.105900,51.516966,On or near PLUMTREE COURT,E01032740,City of London 001G,Unable to prosecute suspect
a6141f5e0e3ae7cf604106ba28dffff1057c1ad73b02168b4b8dd189154abb34,2019-10,City of London Police,City of London Police,-0.079398,51.516508,On or near DEVONSHIRE SQUARE,E01032739,City of London 001F,Investigation complete; no suspect identified
0a30507cb90460d49385f593c8f15ee91a2a59ed30a3ba04c09d213779498053,2019-10,City of London Police,City of London Police,-0.094959,51.522868,On or near GOLDEN LANE,E01002706,Islington 023E,Unable to prosecute suspect
94a089fd89611ecf66f20be76b37264914c93619ddfab60c55513be609f69b77,2019-10,City of London Police,City of London Police,-0.102948,51.512719,On or near PLAYHOUSE YARD,E01032739,City of London 001F,Investigation complete; no suspect identified
6dcafe03b8d4b04c5103c7d6a0eee301b0dd5e2c9e01afac5d99004125845854,2019-10,City of London Police,City of London Police,-0.083993,51.511440,On or near PHILPOT LANE,E01032739,City of London 001F,Unable to prosecute suspect
9e7f8c57ed25090b699c841d5012cbedfd605fe4e8c006b26ede73f0984a4758,2019-10,City of London Police,City of London Police,-0.083296,51.517058,On or near OLD BROAD STREET,E01032739,City of London 001F,Investigation complete; no suspect identified
ecca67558ba85ac628c92e815962473177e8501c22af0894d63e831f77f51698,2019-10,City of London Police,City of London Police,-0.097645,51.515142,On or near ST MARTIN'S LE GRAND,E01032739,City of London 001F,Investigation complete; no suspect identified
b1a7a443044d8d5bacf007c9684129b32e497d5ff6b6aad3613aac7a65bd167f,2019-10,City of London Police,City of London Police,-0.095960,51.517534,On or near LONDON WALL,E01000001,City of London 001A,Investigation complete; no suspect identified
b1e2e07972f23d5f26956cdac439fd614063f57342aff698e7826d86bf8739ca,2019-10,City of London Police,City of London Police,-0.082458,51.517431,On or near LIVERPOOL STREET,E01032739,City of London 001F,Investigation complete; no suspect identified
d62e369c5c2a7d4f3fc023bb736dc062fb63b0e69ec9ae9f494bef447d5acb62,2019-10,City of London Police,City of London Police,-0.103280,51.514109,On or near LUDGATE HILL,E01032740,City of London 001G,Investigation complete; no suspect identified
177a7c000320885c8d1bade329f80ea968f2faeb750fe8480284181e1aad4b24,2019-10,City of London Police,City of London Police,-0.089451,51.517032,On or near Bus/Coach Station,E01032739,City of London 001F,Investigation complete; no suspect identified
8790cdb1a519dfa10e4a42065b2d825d199267224c304fb564caf206fb8eb548,2019-10,City of London Police,City of London Police,-0.074330,51.513647,On or near LITTLE SOMERSET STREET,E01000005,City of London 001E,Investigation complete; no suspect identified
73beba9a402a6a8a57d3b0c1011ebca293900dc2bd771d09073c3c305c3cea29,2019-10,City of London Police,City of London Police,-0.089838,51.516067,On or near COLEMAN STREET,E01032739,City of London 001F,Investigation complete; no suspect identified
bfa81d9f70848c66aecdebafb1962feb56c07f48ebcdb9ee7adbd3c1f8f3850e,2019-10,City of London Police,City of London Police,-0.109081,51.515327,On or near WEST HARDING STREET,E01032740,City of London 001G,Investigation complete; no suspect identified
a5e46bc0488e699938569294d74a175a1ff40bdac195c73c51ad7ba602026207,2019-10,City of London Police,City of London Police,-0.095381,51.521391,On or near VISCOUNT STREET,E01000003,City of London 001C,Investigation complete; no suspect identified
e638bd9dccd212e29ff37c9858ca2e36e52b7fa9d22da26c74c82571c153460e,2019-10,City of London Police,City of London Police,-0.079613,51.517231,On or near NEW STREET,E01032739,City of London 001F,Unable to prosecute suspect
bc41a49b51b33f9b528759520641d0f339d9901d6718e3ead4b2565a7c3c9063,2019-10,City of London Police,City of London Police,-0.101963,51.519097,On or near Conference/Exhibition Centre,E01032740,City of London 001G,Unable to prosecute suspect
5558a038de94c08dd91388a8c2fc9e1c03dd4a471d949713285fc5e6781c9ad2,2019-10,City of London Police,City of London Police,-0.101073,51.513453,On or near CREED LANE,E01032739,City of London 001F,Investigation complete; no suspect identified
3af99aa1784ee69a00b85f6e2af4eeaef34865b56b2db2e563e9c8b5b491ecf3,2019-10,City of London Police,City of London Police,,,No location,,,Investigation complete; no suspect identified
f64e80b319d959fd2a98651c0532ec9518b6c94b9c92dbaf5716e688fd24bd33,2019-10,City of London Police,City of London Police,-0.085173,51.518680,On or near FINSBURY AVENUE,E01032739,City of London 001F,Investigation complete; no suspect identified
e22dec4a70e916888a7360f9de25bcf8124643184d5ace69a906b3204cf6d564,2019-10,City of London Police,City of London Police,-0.100179,51.514158,On or near Shopping Area,E01032739,City of London 001F,Investigation complete; no suspect identified
dfb7c8fe313ce9fd4a9fbfee6702f6108da94b796b2543d2d03b3f7b1e3710c9,2019-10,City of London Police,City of London Police,,,No location,,,Investigation complete; no suspect identified
4cc03af849d8abe0c1f6b68d7f048b06b6b6e62f37644c523f519d396f833e02,2019-10,City of London Police,City of London Police,-0.079287,51.511956,On or near FENCHURCH PLACE,E01032739,City of London 001F,Investigation complete; no suspect identified
cccd084ad9f873bbed9485fa61cdd9b2661b5225bed27989106d23140d7943f9,2019-10,City of London Police,City of London Police,-0.089451,51.517032,On or near Bus/Coach Station,E01032739,City of London 001F,Investigation complete; no suspect identified
10ca4c8fa3323814a0c688a0c6bf4f1a58a35d1c783246872fafa62322156d6d,2019-10,City of London Police,City of London Police,-0.096561,51.514513,On or near CHEAPSIDE,E01032739,City of London 001F,Investigation complete; no suspect identified
2f3d7b907ca3d8087a78a63559fe50eee7a93d1aa423108fbc63319ae8515371,2019-10,City of London Police,City of London Police,-0.089451,51.517032,On or near Bus/Coach Station,E01032739,City of London 001F,Investigation complete; no suspect identified
dafc65ac7283bd279b2532719cc4c9daaa1ba2bf4740b34ed38de8670a19f864,2019-10,City of London Police,City of London Police,-0.098148,51.517938,On or near ALBION WAY,E01032740,City of London 001G,Investigation complete; no suspect identified
2afce0953651ed7e4d1dc96f112d8c5e5b623e035b3fb9c6a61502f4123dfebc,2019-10,City of London Police,City of London Police,-0.085173,51.518680,On or near FINSBURY AVENUE,E01032739,City of London 001F,Investigation complete; no suspect identified
25244310507681cc33b722fef645c7d0aba1508030a3b0a2a8f5d0b951ce0add,2019-10,City of London Police,City of London Police,-0.088075,51.512388,On or near KING WILLIAM STREET,E01032739,City of London 001F,Investigation complete; no suspect identified
7cfe3a8b21d91d0b3c6592c27f2b6c9d854f9a772a264b98d2e5f303eb17d553,2019-10,City of London Police,City of London Police,-0.085173,51.518680,On or near FINSBURY AVENUE,E01032739,City of London 001F,Investigation complete; no suspect identified
274622edca4a2d670c7573b713942606198b7d607ba5a154c5cdaa4ab24aa34d,2019-10,City of London Police,City of London Police,-0.094206,51.511210,On or near LITTLE TRINITY LANE,E01032739,City of London 001F,Unable to prosecute suspect
169db92aca663ee6c24cb6fbb27c448f5849c44d0a5080a005c739b4511774a6,2019-10,City of London Police,City of London Police,-0.077596,51.515849,On or near ARTIZAN STREET,E01000005,City of London 001E,Investigation complete; no suspect identified
0d0c1b1f82e4a7996f82fe3c74afd37e4668beb39b32c14d7babe6e916b3f489,2019-10,City of London Police,City of London Police,-0.078665,51.509950,On or near MUSCOVY STREET,E01032739,City of London 001F,Investigation complete; no suspect identified
62e0495d0a5778d09044dd7e710cccb7d416c87f46c0a782ee4bcdbacd98d3b1,2019-10,City of London Police,City of London Police,-0.084251,51.520059,On or near SUN STREET,E01032739,City of London 001F,Investigation complete; no suspect identified
93cd3fac24a8dd604aaeb6ce936635adca803cb54fd8002cc91c3d2a485754ed,2019-10,City of London Police,City of London Police,-0.094468,51.521853,On or near GOLDEN LANE,E01000003,City of London 001C,Investigation complete; no suspect identified
8ac40e77e221a297244f51acfe72663072af00b4a19e8db879eaf96a2d7d7210,2019-10,City of London Police,City of London Police,-0.109647,51.514887,On or near FETTER LANE,E01032740,City of London 001G,Investigation complete; no suspect identified
7f105c512fa45e292b59441299bd48240f01dbb3ecaf6cb45a2c2fc0d406a0e5,2019-10,City of London Police,City of London Police,-0.082628,51.518189,On or near SUN STREET PASSAGE,E01032739,City of London 001F,Investigation complete; no suspect identified
86757ed40bf21c5a7a78e21c242bde7434edefa81227407e677bcc1cdcf9595b,2019-10,City of London Police,City of London Police,-0.109647,51.514887,On or near FETTER LANE,E01032740,City of London 001G,Investigation complete; no suspect identified
b99fec26ce55bbee6ce0835d1db55c9e76213b273c7362382565703c02d94de6,2019-10,City of London Police,City of London Police,-0.086166,51.510828,On or near EASTCHEAP,E01032739,City of London 001F,Investigation complete; no suspect identified
dd6ba1cca7c63c47252c7f1d67b64bb26ff0e74a79015799d4ed5bed8ecc220f,2019-10,City of London Police,City of London Police,-0.093465,51.514463,On or near RUSSIA ROW,E01032739,City of London 001F,Investigation complete; no suspect identified
d2ebf11053e48ecf55e218d40d2843eef6f24aac59867d39d290b4456496b868,2019-10,City of London Police,City of London Police,-0.077777,51.518046,On or near SANDY'S ROW,E01032739,City of London 001F,Investigation complete; no suspect identified
b32c232448d001ffc98d584277900bd37a5a560ed26900b749470434bef2f150,2019-10,City of London Police,City of London Police,-0.083972,51.510549,On or near LOVAT LANE,E01032739,City of London 001F,Investigation complete; no suspect identified
570d307bb2e584fcca9e21df4a545591f4ea609d7d65c65adf60bf2c6cfa2a63,2019-10,City of London Police,City of London Police,-0.094720,51.514420,On or near WOOD STREET,E01032739,City of London 001F,Investigation complete; no suspect identified
cacdd6807c7ba51b5fcb60f4457a5dc74cac9b1daf4c141e0017b444a908d44a,2019-10,City of London Police,City of London Police,-0.097053,51.518262,On or near ALDERSGATE STREET,E01000001,City of London 001A,Investigation complete; no suspect identified
4011fbd00d6f4d911911bfb204775340c1b56a703d8daa38d6099532fcef57b4,2019-10,City of London Police,City of London Police,-0.086278,51.509876,On or near FISH STREET HILL,E01032739,City of London 001F,Investigation complete; no suspect identified
51db6a05a45108711018dc2d3b14a8ba663a1609c6a6d79bc4110f7564a57f18,2019-10,City of London Police,City of London Police,-0.086166,51.510828,On or near EASTCHEAP,E01032739,City of London 001F,Investigation complete; no suspect identified
0145c8bd2c0c8fef1095b271ad53d9502c1f40132e284753a946d78a06be64a6,2019-10,City of London Police,City of London Police,-0.087787,51.510647,On or near MARTIN LANE,E01032739,City of London 001F,Investigation complete; no suspect identified
a48628f1db131713dc819670b20b58305a401bb0b931cee06bc1cd5d72c28ba6,2019-10,City of London Police,City of London Police,-0.083972,51.510549,On or near LOVAT LANE,E01032739,City of London 001F,Investigation complete; no suspect identified
a4dfd24b41b535afb5c6992e7b3a8a37bfe1513b02c359afcff18dddc2ffc0b3,2019-10,City of London Police,City of London Police,-0.081516,51.510014,On or near GREAT TOWER STREET,E01032739,City of London 001F,Investigation complete; no suspect identified
e068f8286c525242527209c7fc8c7604f5dd14461d0304c78cba0f256386cb44,2019-10,City of London Police,City of London Police,-0.090506,51.513524,On or near POULTRY,E01032739,City of London 001F,Investigation complete; no suspect identified
e00214373e53bec50616742af1cfe9e7a0dd399ba4e5f34297390e4d3f9e6e29,2019-10,City of London Police,City of London Police,-0.081516,51.510014,On or near GREAT TOWER STREET,E01032739,City of London 001F,Investigation complete; no suspect identified
b363a885c06cc49f7c18200a68106d21739e59bed84cd482a2907746c81f04d7,2019-10,City of London Police,City of London Police,-0.088203,51.518262,On or near MOORGATE,E01032739,City of London 001F,Investigation complete; no suspect identified
b77507b3f13c52ad51c429afd13105234c213f4b2789d87b7f510e6b691f92b6,2019-10,City of London Police,City of London Police,-0.078665,51.509950,On or near MUSCOVY STREET,E01032739,City of London 001F,Investigation complete; no suspect identified
1f4ac6aff5936805cda588c1ee9cb44a7f0da5c9175cdd38915145705e53b620,2019-10,City of London Police,City of London Police,-0.093465,51.514463,On or near RUSSIA ROW,E01032739,City of London 001F,Investigation complete; no suspect identified
58dfa3e5c22c7b759e149ff5d8afd3d68c5b6357172c035ec797aa69c17a4430,2019-10,City of London Police,City of London Police,-0.105134,51.513869,On or near BRIDE LANE,E01032740,City of London 001G,Investigation complete; no suspect identified
0e88b79ff16c771bfecc87f2fcaec878b7be158ae72d671d7525449c82fa5cb8,2019-10,City of London Police,City of London Police,-0.098572,51.516767,On or near KING EDWARD STREET,E01000001,City of London 001A,Investigation complete; no suspect identified
b00385f17b0261fd37285b8b5af1429be872dea9d084fd20eaa37052e23ef8e5,2019-10,City of London Police,City of London Police,-0.100179,51.514158,On or near Shopping Area,E01032739,City of London 001F,Investigation complete; no suspect identified
cfefc3361a830fca1f97ae80424dd50a2de867b3bbfd42b65b49580c1a2a1c2f,2019-10,City of London Police,City of London Police,-0.098777,51.512526,On or near KNIGHTRIDER STREET,E01032739,City of London 001F,Investigation complete; no suspect identified
80475a51b1a58265f0b70e9cf02809ee821ac2780b86edab76df1c3d9757d950,2019-10,City of London Police,City of London Police,-0.097334,51.521567,On or near FANN STREET,E01000001,City of London 001A,Investigation complete; no suspect identified
b32b77f16210ee84b85fc80afaa8421a8a8596e75be6e57459b4095975998e8b,2019-10,City of London Police,City of London Police,-0.093493,51.513447,On or near BOW LANE,E01032739,City of London 001F,Investigation complete; no suspect identified
711b3d5b3c6dbde2b2e361c4814729f7cf1b2b171e7a6c34297554804e3fa9f4,2019-10,City of London Police,City of London Police,-0.092719,51.512652,On or near QUEEN VICTORIA STREET,E01032739,City of London 001F,Investigation complete; no suspect identified
df3cd7cf0b0cfef4ade3d03e4ec13741d637425b1eeb6cc7dffd603d7dcb5972,2019-10,City of London Police,City of London Police,-0.080376,51.517244,On or near Supermarket,E01032739,City of London 001F,Investigation complete; no suspect identified
41969cff6fe430b576394047f507bf8112ed869a23d64eb097064bddf41c84f4,2019-10,City of London Police,City of London Police,-0.081620,51.516814,On or near ALDERMAN'S WALK,E01032739,City of London 001F,Unable to prosecute suspect
f362034ef5636acfec0a356873b5a66375dcebc8117b1f0b2e15208550a11e45,2019-10,City of London Police,City of London Police,-0.080146,51.514848,On or near BURY COURT,E01032739,City of London 001F,Investigation complete; no suspect identified
6cb59cfaf02e036b3516dec82ca83012487eabda355ce1b483d4156617d37e6e,2019-10,City of London Police,City of London Police,-0.093933,51.519812,On or near Conference/Exhibition Centre,E01000002,City of London 001B,Investigation complete; no suspect identified
c908863b6630825016becdc6f7c1704d3b408687ffef2acb57a322230a9b0833,2019-10,City of London Police,City of London Police,-0.087760,51.517149,On or near LONDON WALL,E01032739,City of London 001F,Investigation complete; no suspect identified
760dc615ff51160940469bdc39b3bb11582dc86d6a8e4678fdf4a5d9d9dfb9b3,2019-10,City of London Police,City of London Police,-0.109709,51.517909,On or near HIGH HOLBORN,E01032740,City of London 001G,Formal action is not in the public interest
5149a374e9b2ee79ce1d70f124858746be40cb66151ac66c7bb9226177ed9826,2019-10,City of London Police,City of London Police,-0.082458,51.517431,On or near LIVERPOOL STREET,E01032739,City of London 001F,Investigation complete; no suspect identified
fa954d625e42cca2ddc8de18afbfd8245f29bb819abeddf6f4071b051e86c88c,2019-10,City of London Police,City of London Police,-0.104887,51.516347,On or near FARRINGDON STREET,E01032740,City of London 001G,Investigation complete; no suspect identified
1eb45fe5842bfe7f04022f28c59d61a4f0ec637e8d4e3c7bb5fcba207c820f92,2019-10,City of London Police,City of London Police,-0.078484,51.517680,On or near CATHERINE WHEEL ALLEY,E01032739,City of London 001F,Investigation complete; no suspect identified
0c1efa08c951b3b14fa2c38c5b8ec255a07da191fd4732a8caffcaf424b67ede,2019-10,City of London Police,City of London Police,-0.082458,51.517431,On or near LIVERPOOL STREET,E01032739,City of London 001F,Investigation complete; no suspect identified
fcc5c0887675b0b31af199216b41d0d32b298586837fd348c88f88239eb8eac5,2019-10,City of London Police,City of London Police,-0.084618,51.512682,On or near GRACECHURCH STREET,E01032739,City of London 001F,Investigation complete; no suspect identified
1a4dadc18c556afe2be2dab28a3a4aa0e6a27373f7034f85d58a4d866279241e,2019-10,City of London Police,City of London Police,-0.082628,51.518189,On or near SUN STREET PASSAGE,E01032739,City of London 001F,Investigation complete; no suspect identified
fa8f5484f04f9f7bd6046774163fb6083a7ef629391578548d6f40d62d19aa69,2019-10,City of London Police,City of London Police,-0.096075,51.514766,On or near FOSTER LANE,E01032739,City of London 001F,Investigation complete; no suspect identified
c5a0b4d4e861dd0f0b4c84df068980dfb244164333c16128120b525a12ed679c,2019-10,City of London Police,City of London Police,-0.086624,51.511923,On or near CLEMENT'S LANE,E01032739,City of London 001F,Unable to prosecute suspect
c94d00dde2210153e9547d3e4851bd8d0826e1568ad67558616701a761a3055a,2019-10,City of London Police,City of London Police,-0.089698,51.511812,On or near OXFORD COURT,E01032739,City of London 001F,Investigation complete; no suspect identified
54c2a4535c2b44b3bcc246f37e8aa59a6e87db43b56fe776418cd06fde5cfa29,2019-10,City of London Police,City of London Police,-0.104500,51.511449,On or near VICTORIA EMBANKMENT,E01032740,City of London 001G,Investigation complete; no suspect identified
b4cbc63ff3143f1273faca72763f80e074a4870871163803928e3ca4788c2c04,2019-10,City of London Police,City of London Police,-0.084967,51.512598,On or near BELL INN YARD,E01032739,City of London 001F,Investigation complete; no suspect identified
6e81922c4ead4a158b3bc27cd52677bfe238cfebd703817b63774a1b98395f0d,2019-10,City of London Police,City of London Police,-0.077694,51.513171,On or near ALDGATE,E01032739,City of London 001F,Investigation complete; no suspect identified
caeae6161b29395413d0e53e4fd06777214a2edddcb23eaa6a5c5e998d688197,2019-10,City of London Police,City of London Police,-0.086728,51.510477,On or near KING WILLIAM STREET,E01032739,City of London 001F,Investigation complete; no suspect identified
8411e74afb3958c04504c6b971fd39da50fcb6ff29fee7548592d145b1f5c56f,2019-10,City of London Police,City of London Police,-0.105561,51.510873,On or near Ferry Terminal,E01032740,City of London 001G,Investigation complete; no suspect identified
16e227d309f134a97ecd132a719ebd2a623ecbba90935138929ef4e98edfcf8c,2019-10,City of London Police,City of London Police,-0.096363,51.513377,On or near NEW CHANGE,E01032739,City of London 001F,Investigation complete; no suspect identified
cfe1d5de2f0bbae22020c8e751d3174edd4e99970cae6774c8c32137c8f597e4,2019-10,City of London Police,City of London Police,-0.091151,51.516026,On or near BASINGHALL STREET,E01032739,City of London 001F,Investigation complete; no suspect identified
d1e9f05c874fd9592af6e3fbd7ef761442944a9c9f9a7f54db3b697d815b4ee9,2019-10,City of London Police,City of London Police,-0.094628,51.514203,On or near CHEAPSIDE,E01032739,City of London 001F,Unable to prosecute suspect
e23a0a79e8b5dbf6e1ea6d6634b91cb05354ea7ddb82ff6ab169aca63c8ec84f,2019-10,City of London Police,City of London Police,-0.077300,51.512607,On or near CARLISLE AVENUE,E01032739,City of London 001F,Investigation complete; no suspect identified
c17ca2748fb47e1ec63c5f8f53f75e0116b088edfea396159ba974cab3b10726,2019-10,City of London Police,City of London Police,-0.080665,51.509344,On or near Pedestrian Subway,E01032739,City of London 001F,Investigation complete; no suspect identified
6871c2693293d0f5e77fa7b75175a82fe3fc344bfd85b204c26ae1ac8ba1227a,2019-10,City of London Police,City of London Police,-0.106680,51.515882,On or near Parking Area,E01032740,City of London 001G,Investigation complete; no suspect identified
7f0c6f48e8f7068d0b37dec1a0c838cebb2bfb43ab6836adeab28e3c4e6579ce,2019-10,City of London Police,City of London Police,-0.101452,51.512650,On or near ST ANDREW'S HILL,E01032739,City of London 001F,Investigation complete; no suspect identified
6ea5949130407f546f96f927b80d19cf0821a25e67f3c127d998c05a6cf31c0f,2019-10,City of London Police,City of London Police,-0.086051,51.513569,On or near FINCH LANE,E01032739,City of London 001F,Investigation complete; no suspect identified
da2348583f95ec19b7a99ab395dcdcff1a03265ef02bd4dd680d630a38061e18,2019-10,City of London Police,City of London Police,-0.084284,51.510671,On or near EASTCHEAP,E01032739,City of London 001F,Investigation complete; no suspect identified
a85c1efc3ccc4de669f8c23c884d2e45ddf8a94e64c2b34dac63ada41e13f980,2019-10,City of London Police,City of London Police,-0.101452,51.512650,On or near ST ANDREW'S HILL,E01032739,City of London 001F,Investigation complete; no suspect identified
cc28a1db86452a71fe46064bbc625d782899246ba0925deb0bde9d0f27bff1d5,2019-10,City of London Police,City of London Police,-0.108283,51.517526,On or near Supermarket,E01032740,City of London 001G,Investigation complete; no suspect identified
5eb6942a0ef32bad2c86f0bcd95f3bc7e8e31c3322474e6dd003729a9bef0d4a,2019-10,City of London Police,City of London Police,-0.084618,51.512682,On or near GRACECHURCH STREET,E01032739,City of London 001F,Investigation complete; no suspect identified
30bf1ab235d6fe02e78c50de315867a2a560aae52d64c4db604aef1206d23dd6,2019-10,City of London Police,City of London Police,-0.096075,51.514766,On or near FOSTER LANE,E01032739,City of London 001F,Investigation complete; no suspect identified
da615dea0302cd6212ca8eadd43306b51d67a25ab5d331e4b12ca767086deab6,2019-10,City of London Police,City of London Police,-0.093933,51.519812,On or near Conference/Exhibition Centre,E01000002,City of London 001B,Investigation complete; no suspect identified
13c7e660746d5b3d979ba4a351dac4f36ae5c9c4ae715b2c15caf38aa571f519,2019-10,City of London Police,City of London Police,-0.084967,51.512598,On or near BELL INN YARD,E01032739,City of London 001F,Investigation complete; no suspect identified
25e60114fd5e91c711ecab0f881c2c432693664dd45b3a73ecee0aaf937cf730,2019-10,City of London Police,City of London Police,-0.092865,51.510182,On or near Parking Area,E01032739,City of London 001F,Investigation complete; no suspect identified
61a716f337b71958e7511cf51a351dd5802ddbbe46df1bc13b8c04e1b4e68958,2019-10,City of London Police,City of London Police,-0.077777,51.518046,On or near SANDY'S ROW,E01032739,City of London 001F,Investigation complete; no suspect identified
347cacb0d02bdb756998b54d7487407bcf6f171ba72f6c2d2aa1094d8691a0be,2019-10,City of London Police,City of London Police,-0.112422,51.515381,On or near STAR YARD,E01000914,Camden 028B,Investigation complete; no suspect identified
d560147b848a4657e5aa8672259723592656aa426ba7f6f48ff4aa0fc6e853c4,2019-10,City of London Police,City of London Police,-0.076031,51.509547,On or near TOWER HILL,E01004293,Tower Hamlets 027B,Investigation complete; no suspect identified
3502812cda0d55e297971791c81cf574736a78cff724cb41ad3b7fc332b80916,2019-10,City of London Police,City of London Police,-0.086175,51.510945,On or near GRACECHURCH STREET,E01032739,City of London 001F,Investigation complete; no suspect identified
a5decf8af67b260c569e0ae14b0f6c831a0ffe49b20d6532359dfbd7630d1096,2019-10,City of London Police,City of London Police,-0.078484,51.517680,On or near CATHERINE WHEEL ALLEY,E01032739,City of London 001F,Investigation complete; no suspect identified
6e28059769086b68327a99a64c8ee1dabe3312101408f0dbc788e434cd1f132b,2019-10,City of London Police,City of London Police,-0.086728,51.510477,On or near KING WILLIAM STREET,E01032739,City of London 001F,Investigation complete; no suspect identified
ba16df0aecee1e9170bb4d8ff12c33aba495c86cddda037ac601e7c104240117,2019-10,City of London Police,City of London Police,-0.094464,51.512959,On or near WATLING COURT,E01032739,City of London 001F,Investigation complete; no suspect identified
61230ff1ace16a893abefc0dbd60c989a28f12365565c0adc958df2c290e694b,2019-10,City of London Police,City of London Police,-0.082458,51.517431,On or near LIVERPOOL STREET,E01032739,City of London 001F,Investigation complete; no suspect identified
04355298e0d17e6bebf4b1c9c0f3db9e4d6976ddd20bc15d41ff448210ac03e1,2019-10,City of London Police,City of London Police,-0.084980,51.516078,On or near GREAT WINCHESTER STREET,E01032739,City of London 001F,Investigation complete; no suspect identified
3e23ef7fc3f92ad5525016fbac8613c0e9083020b5d28f27197853e1840e4715,2019-10,City of London Police,City of London Police,-0.085173,51.518680,On or near FINSBURY AVENUE,E01032739,City of London 001F,Investigation complete; no suspect identified
19ef41fe9a44dbd4c9f27b94b83080c91d577d4aeda32996b7a2f71e693e8e29,2019-10,City of London Police,City of London Police,-0.077601,51.518799,On or near STEWARD STREET,E01004307,Tower Hamlets 015B,Investigation complete; no suspect identified
1dbe1c11f5294dc32e2decbf54881a5c79b140b859c35e7890f94934fbaa2a0b,2019-10,City of London Police,City of London Police,-0.094094,51.515606,On or near GRESHAM STREET,E01000002,City of London 001B,Investigation complete; no suspect identified
a565a241f74687e05f908d18117c19393eeb7fa094c8edfd258618125eff92fc,2019-10,City of London Police,City of London Police,-0.088621,51.518619,On or near MOORFIELDS,E01000002,City of London 001B,Investigation complete; no suspect identified
16cb53d70306979abdc66955cf42628929d3a1aff5b24106b04808c77350577c,2019-10,City of London Police,City of London Police,-0.096900,51.510868,On or near BROKEN WHARF,E01032739,City of London 001F,Investigation complete; no suspect identified
7fbde3d614509ddcbd910ad114b46c74a39821febafccd5fe5bde1144103e75c,2019-10,City of London Police,City of London Police,-0.093933,51.519812,On or near Conference/Exhibition Centre,E01000002,City of London 001B,Investigation complete; no suspect identified
0c67f3f974bccc70a7ab158b0c267af20a68218858f6363ec3616abdeb3ebd95,2019-10,City of London Police,City of London Police,-0.080376,51.517244,On or near Supermarket,E01032739,City of London 001F,Unable to prosecute suspect
3f6278d97e0722f3f108153efc231895adc092d3647d165d07a4d60dc9817c2b,2019-10,City of London Police,City of London Police,-0.084618,51.512682,On or near GRACECHURCH STREET,E01032739,City of London 001F,Investigation complete; no suspect identified
995d9290922d0855632f4801e3446a6f5c1c22f2920ba1a632c6180b5fb41ec5,2019-10,City of London Police,City of London Police,-0.092865,51.510182,On or near Parking Area,E01032739,City of London 001F,Investigation complete; no suspect identified
f6214c1380952b14e393f6216f77529c44ba15d181c9197acb7b36a8ab9e3a63,2019-10,City of London Police,City of London Police,-0.079195,51.513798,On or near CREECHURCH LANE,E01032739,City of London 001F,Investigation complete; no suspect identified
a94ce3ddd8c8a8f3b46312a1def1691074824feb7565dc788f42c84285b04d59,2019-10,City of London Police,City of London Police,-0.078749,51.520985,On or near NORTON FOLGATE,E01032739,City of London 001F,Investigation complete; no suspect identified
761cc407f2c337682f1626f4a521262373c52e09d5dc41a201fdaa71e0eea278,2019-10,City of London Police,City of London Police,,,No location,,,Formal action is not in the public interest
67144ef9f5575ec30d109286823a20ae7ee13c94b3242e7f1dff9ec3f3e2037e,2019-10,City of London Police,City of London Police,-0.077777,51.518046,On or near SANDY'S ROW,E01032739,City of London 001F,Investigation complete; no suspect identified
83fda0bb0cd46950dc4f01a0567b92d7c09257b02e2549dcd8b7b0c6995ab560,2019-10,City of London Police,City of London Police,-0.095381,51.521391,On or near VISCOUNT STREET,E01000003,City of London 001C,Investigation complete; no suspect identified
eaf8cbc4e075d8c225c2f5d2576e2806dfda86c4885671d79ffa4fb638441704,2019-10,City of London Police,City of London Police,-0.085669,51.515100,On or near AUSTIN FRIARS,E01032739,City of London 001F,Investigation complete; no suspect identified
bab7e9d4e7ebd1a987ed9ec354c235b844845603a67d576a9887037ad9da8537,2019-10,City of London Police,City of London Police,-0.082913,51.513463,On or near LEADENHALL STREET,E01032739,City of London 001F,Investigation complete; no suspect identified
64645d792413a312411f9dd19a90732c1ee6c136f06cb355502830347c9a04ed,2019-10,City of London Police,City of London Police,-0.078484,51.517680,On or near CATHERINE WHEEL ALLEY,E01032739,City of London 001F,Investigation complete; no suspect identified
78987d344561dde411f1761d56ad6af964840b2f6501ba2b3c632dea040c7108,2019-10,City of London Police,City of London Police,-0.095026,51.518499,On or near Park/Open Space,E01000002,City of London 001B,Investigation complete; no suspect identified
f4535da51dfdc53b97c39659af443335409dd66c83b12fb2ad77230d3498ffcc,2019-10,City of London Police,City of London Police,-0.086272,51.513114,On or near BIRCHIN LANE,E01032739,City of London 001F,Investigation complete; no suspect identified
7a0f6b68f08e79515036e246fb0b62c5a211256e9cc0a070d7a97f7a02d42fc2,2019-10,City of London Police,City of London Police,-0.108175,51.512830,On or near Parking Area,E01032740,City of London 001G,Formal action is not in the public interest
d12fc04ea4c4695205393805eb7217f9ebef04c08e0c857e5c527662a7801c49,2019-10,City of London Police,City of London Police,-0.085833,51.513952,On or near FINCH LANE,E01032739,City of London 001F,Investigation complete; no suspect identified
5152fbce37e59b2b9ceadab6fc789c15c7983491b9013b6ba1dd8474b488c152,2019-10,City of London Police,City of London Police,-0.081620,51.516814,On or near ALDERMAN'S WALK,E01032739,City of London 001F,Investigation complete; no suspect identified
53bbf7437ef32a995c1820fe5410461d376676673602117483789207f3d6d5ac,2019-10,City of London Police,City of London Police,-0.079786,51.517576,On or near Police Station,E01032739,City of London 001F,Investigation complete; no suspect identified
341e72978869a4ef7cf53ffe4d3d5171c55e10002fd4bdb2b60291856afd5db2,2019-10,City of London Police,City of London Police,-0.093493,51.513447,On or near BOW LANE,E01032739,City of London 001F,Investigation complete; no suspect identified
b40b01dad3c4f96da2a1df39b4cff1d69e7e74b3ac82b0be04a874ba8a705b18,2019-10,City of London Police,City of London Police,-0.090506,51.513524,On or near POULTRY,E01032739,City of London 001F,Investigation complete; no suspect identified
e3b15642e146970c0df2094b5fbc89b7c81571afb1d28ec6927a08653d667d83,2019-10,City of London Police,City of London Police,-0.081620,51.516814,On or near ALDERMAN'S WALK,E01032739,City of London 001F,Investigation complete; no suspect identified
edf89ba1ef1d9e8987ea3f58be5e76bfc3f8005c2286d9faea287d03b4fcbbfa,2019-10,City of London Police,City of London Police,-0.093398,51.512951,On or near WATLING STREET,E01032739,City of London 001F,Investigation complete; no suspect identified
c3f4ffe6c26f0256d0dacdb2196dacb771ef21b393747e4c7f2f497f8003bdb3,2019-10,City of London Police,City of London Police,-0.086272,51.513114,On or near BIRCHIN LANE,E01032739,City of London 001F,Investigation complete; no suspect identified
239ee0e4bcdf55326f6d1a30e1ab57e745fc39b797d176877b5a0d18df9b6140,2019-10,City of London Police,City of London Police,-0.082571,51.514753,On or near GREAT ST HELEN'S,E01032739,City of London 001F,Investigation complete; no suspect identified
ed4e594c61b753b74c155d0ecef7214b563b1058e987dc488307ce3d8fe7c1d7,2019-10,City of London Police,City of London Police,-0.082458,51.517431,On or near LIVERPOOL STREET,E01032739,City of London 001F,Investigation complete; no suspect identified
aa0ae795044a5abfbaf0c7247f4b3a8e477b4391a588853e2190389e8d2fbffc,2019-10,City of London Police,City of London Police,-0.089698,51.511812,On or near OXFORD COURT,E01032739,City of London 001F,Investigation complete; no suspect identified
f2fa748dd01212b9c0edf49fbc4d5bd0b8757e5430773ecd45248666dfb54cd9,2019-10,City of London Police,City of London Police,-0.084618,51.512682,On or near GRACECHURCH STREET,E01032739,City of London 001F,Investigation complete; no suspect identified
